,0,1,2,3,4
0,thevillagemarketatl,Solid job searching tips,Yes be the first. As a recruiter the first set of applicants are the one we usually focus on.,agreement,
1,thevillagemarketatl,Solid job searching tips,Like 'fresh fries'!! ğŸ˜‚ğŸ˜‚ğŸ¤£ Love it!,joy/happiness,
2,thevillagemarketatl,Solid job searching tips,"Like I love how the only way to get a job nowadays is to use extreme knowledge, but we get told we're lazy and none of us want to work, lmao",anger/irritation,
3,thevillagemarketatl,Solid job searching tips,"I'm not sure being the first makes you more likely to get the job. Normally HR posts the job waits for a few days to gather the applicants and then start scheduling interviews. I have not seen them specifically look for the first person that applied when they setup interviews. However, it doesn't hurt to be among the first set.",doubt/uncertainty,
4,thevillagemarketatl,Solid job searching tips,Why not use LinkedIn?,curiosity,
5,thevillagemarketatl,Solid job searching tips,ğŸ˜‚ the end,joy/happiness,
6,thevillagemarketatl,Solid job searching tips,This is phenomenal advice and alsoâ€¦.incredibly accurate. You can also utilize these strategies for LinkedIn as well.,agreement,
7,thevillagemarketatl,Solid job searching tips,"Dorking at it's best, bravağŸ‘ğŸ¾",praise/admiration,
8,thevillagemarketatl,Solid job searching tips,Do you have any tips for people trying to get into project management. I've been searching for almost a year now. Even networking hasn't gotten me where I'd like to be (employed).,seeking advice,
9,thevillagemarketatl,Solid job searching tips,i adore u thank u so much!,gratitude,
10,thevillagemarketatl,Solid job searching tips,"As a fry lover, I appreciate this.",joy/happiness,
11,thevillagemarketatl,Solid job searching tips,ğŸ‘ğŸ‘ğŸ‘ğŸ‘ğŸ‘,praise/admiration,
12,thevillagemarketatl,Solid job searching tips,You are wonderful! Thank you!!!,gratitude,
13,thevillagemarketatl,Solid job searching tips,Thank you!ğŸ™ŒğŸ¿ğŸ™ŒğŸ¿ğŸ™ŒğŸ¿,gratitude,
14,thevillagemarketatl,Solid job searching tips,@lilosiguesol,neutral,
15,velvetfiasco,what black confusion looks like,I love being BLACKğŸ˜‚ğŸ˜‚ğŸ˜‚ That is a universal facial expression handed down from 5 generations agoğŸ˜‚ğŸ˜‚ğŸ˜‚ it means: WHAT TF IS THIS AND WHY ARE WE HERE ğŸ¤£ğŸ¤£ğŸ‘ğŸ½,joy/happiness,
16,velvetfiasco,what black confusion looks like,Thats the same reaction YT people have listening to sexyy red and ice spice ğŸ˜‚,amusement,
17,velvetfiasco,what black confusion looks like,Over dramatic confusion ğŸ˜‚ ğŸ¤·â€â™‚ï¸,amusement,
18,velvetfiasco,what black confusion looks like,Is the lady singing about doing laundry?,confusion,
19,velvetfiasco,what black confusion looks like,Who else made the face with them when they heard it? ğŸ˜‚,amusement,
20,velvetfiasco,what black confusion looks like,But get mad when whites give yall the same face,anger/irritation,
21,velvetfiasco,what black confusion looks like,,neutral,
22,velvetfiasco,what black confusion looks like,It's disbelief more than confusion. Cause she actually got up there with the whole ass confidence to commit to the hot messğŸ˜‚ğŸ˜‚ğŸ˜‚ğŸ˜‚,amusement,
23,velvetfiasco,what black confusion looks like,That's me with the blonde hair recording ğŸ˜‚. I'm glad y'all enjoying their faces like I did when I noticed,joy/happiness,
24,velvetfiasco,what black confusion looks like,We're a collectiveğŸ˜‚,unity/belonging,
25,velvetfiasco,what black confusion looks like,I'm white and I'm confused. What kinda music is tnat,confusion,
26,velvetfiasco,what black confusion looks like,"for those who don't know, she's singing a song called An Unhealthy Obsession (a song about two stalkers unknowingly stalking each other) justâ€¦poorly",informative,
27,velvetfiasco,what black confusion looks like,Why do we all have the same expressionğŸ˜‚ğŸ˜‚,amusement,
28,velvetfiasco,what black confusion looks like,This girl with her mouth open is me. Because what is going on !!!,confusion,
29,velvetfiasco,what black confusion looks like,We ain't got no business be this funny ğŸ˜‚,amusement,
30,velvetfiasco,what black confusion looks like,I need to see what they looking atğŸ¤£ğŸ˜‚,curiosity,
31,velvetfiasco,what black confusion looks like,they look like they watchin how mayo is made and the many different ways you can use it ğŸ¤£ğŸ¤£ğŸ¤£,amusement,
32,velvetfiasco,what black confusion looks like,Black hat guy is disgustedâ€¦brown jacket is really concernedâ€¦burgundy is borderline upsetâ€¦female black hat is appalled ğŸ˜‚ğŸ˜‚ğŸ˜‚ğŸ˜‚,amusement,
33,velvetfiasco,what black confusion looks like,More like flabbergasted ğŸ˜‚ğŸ˜‚ğŸ˜‚,surprise,
34,velvetfiasco,what black confusion looks like,,neutral,
35,velvetfiasco,what black confusion looks like,I'm convinced black confusion begins with the eye brows ğŸ˜,amusement,
36,velvetfiasco,what black confusion looks like,If I know you fucking lying was a video ğŸ˜‚ğŸ˜‚ğŸ˜‚,amusement,
37,velvetfiasco,what black confusion looks like,"I love my people. If we don't say it, our faces DEFINITELY willğŸ¤£ğŸ¤£ğŸ¤£",joy/happiness,
38,velvetfiasco,what black confusion looks like,I had to watch this 10 tines to look at everyones face ğŸ˜‚ğŸ˜‚ğŸ˜‚,amusement,
39,velvetfiasco,what black confusion looks like,What's going on hereğŸ˜‚ğŸ˜‚ğŸ˜‚ğŸ˜‚,confusion,
40,velvetfiasco,what black confusion looks like,I guarantee if they all looked each other they would laugh,amusement,
41,velvetfiasco,what black confusion looks like,It's baby girl in the burgundy for me ğŸ¤£ğŸ¤£ she's been bamboozledâ€¦. HOODWINKEDğŸ˜‚ğŸ˜‚ğŸ˜‚,amusement,
42,velvetfiasco,what black confusion looks like,"yea, friens.. i'm tryna figure out wtf is goin' on myselfğŸ˜‚ğŸ˜‚ğŸ˜‚.",confusion,
43,velvetfiasco,what black confusion looks like,It's everyone GENUINELY being confused and trying not to be lmaoooo,amusement,
44,velvetfiasco,what black confusion looks like,"WHY ARE WE LIKE THIS? ğŸ˜‚ğŸ˜‚
I LOVE US",joy/happiness,
45,velvetfiasco,what black confusion looks like,Why do we not give a damn about a poker faceâ€¦you gonna know exactly how we feel either way ğŸ˜‚,straightforwardness,
46,christian_vibes_global,turning a new age with no house no job no car..,"In the world, you will have tribulations but be of good cheer, I've already overcome the world_ John 16v33",encouragement,
47,christian_vibes_global,turning a new age with no house no job no car..,@iam_amifnf a beautiful translation said Ive overcomed the world and denied it of any power to harm you and Ive conquered it for you... Gods word is comfort and inner strength â¤ï¸,encouragement,
48,christian_vibes_global,turning a new age with no house no job no car..,@iam_amifnf ğŸ™‚,neutral,
49,christian_vibes_global,turning a new age with no house no job no car..,@iam_amifnf amen,agreement,
50,christian_vibes_global,turning a new age with no house no job no car..,"Lord I lift up my brothers and sisters to you, guard their mind and heart because everything they do flows from it. Help them to have blind faith and feel your presence when they feel darkness. Be with them when they feel there is nowhere else to turn because we have all been through hard times and it is not easy. Send your helpers at every stage of their life like you did for me, let them be able to testify your glory like I am able to now. Help them to recognize the people you send into their lives to aid them in their journey. Propel them forward when they are weak and feel too exhausted to move. Keep them safe, give them the courage to make just another step daily. Continue to watch over them as I lift them up in my prayers today, help them to heal and find their way Amen.",prayer/support,
51,christian_vibes_global,turning a new age with no house no job no car..,"37, husband walked away with my 2 beautiful babies, hoping to leave me homeless. God stepped in and gave me a house, ALl CONTENTS BRAND NEW. I didn't lose my mind, I didn't get a stroke, I wasn't homeless as planned. What the enemy meant for evil, God turned it for my good. He's still working on the other things concerning my kids and I trust him to sort them out. But in it all, God gave me peace that makes no sense. So I will keep trusting Him",testimony/faith,
52,christian_vibes_global,turning a new age with no house no job no car..,Im tired.,fatigue,
53,christian_vibes_global,turning a new age with no house no job no car..,Lord may you answer our silent battles ğŸ”¥,prayer/support,
54,christian_vibes_global,turning a new age with no house no job no car..,"To all those who posted, Im sending you love and light. Keep pushing, God got you ğŸ˜ğŸ˜. It will get better â¤ï¸â€ğŸ©¹",encouragement,
55,christian_vibes_global,turning a new age with no house no job no car..,It is well !! Mehn ! This life is hard . But God promised a happy end . He says hes with us throughout the journey. Valleys down Or mountain top hes with us . All thing works together for our good ğŸ™ğŸ¿,encouragement,
56,christian_vibes_global,turning a new age with no house no job no car..,One reason why I treat everyone around me nicelyâ€¦Though we all have our various battles but when you hear what others are going through then you realize there was a reason why God told us to love our neighbors as ourselves. I always pray to be nice to people everytime â¤ï¸ğŸ˜˜ğŸ¥°,compassion,
57,christian_vibes_global,turning a new age with no house no job no car..,I know it will get better ğŸ˜¢ but I am tired of going through ğŸ¥ºğŸ’” I can't even close my eyes at night ğŸ˜¢,sadness/despair,
58,christian_vibes_global,turning a new age with no house no job no car..,This really got me tearyğŸ˜­ğŸ¤§ life is in phases dears. Being late isn't also denial. Yours would eventually come. Don't give up. Sending love and hugsâ¤ï¸ğŸ«‚,encouragement,
59,christian_vibes_global,turning a new age with no house no job no car..,"I won't even complain about wah I go through ğŸ˜‚ğŸ˜‚ğŸ˜‚life is hard no doubt but God saw this even before it happened, Hes seen it, Hes watching now and sees it all â€¦.. imma wait for the blessings ğŸ”¥ tho it may tarry hmm ğŸ¤”",faith/perseverance,
60,christian_vibes_global,turning a new age with no house no job no car..,"I had suicidal thoughts too last year Decemberâ€¦. The day I planned to do it, I cried, prayed and read my bible then slept off. In my sleep, I dreamt and saw my dad( he's dead too) hugging me and cryingâ€¦. We were both crying and he told me Everything will be fine my princess. I got cried again and apologized to God. Tho everything isn't fine yet, its better than beforeSo I'd advise anybody going through hard times to table your issues to God and restğŸ˜Œ he'll give u solutions",testimony/encouragement,
61,christian_vibes_global,turning a new age with no house no job no car..,"I'm 35 no house, no car, no husband. I have 3 kids and 1 grandson. Some days I don't have a clue as to what I'm doing. I feel like I'm not doing enough while I'm doing the best I can but it's still not enough. I get emotionally embarrassed that at my big age I have absolutely nothing to show for the years I've been on this earth.",disappointment/shame,
62,christian_vibes_global,turning a new age with no house no job no car..,"The only way out of the storms of life is to swim through it. When you are in the PROCESS, your life might not look like it's becoming anything. Never compare because your journey is unique. TRUST in God and be PATIENT. Take it one day at a time as you make the moves towards finding Fulfillment in a meaningless world. Let the one who holds and knows the future take over the wheel and don't subject anything to a particular time frame. It's all going to be just fine and you will smile again. Peace be still ",encouragement/wisdom,
63,christian_vibes_global,turning a new age with no house no job no car..,"Moral of the storyâ€¦everyone going through something, show love and kindness always. ",compassion,
64,christian_vibes_global,turning a new age with no house no job no car..,Dont worry if you dont have it all sorted trust me its not a problem that is normal living everyone hasnt gotten it all sorted even the richest people luck something .praying you find the happiness in the little you have and dont forget you are alive and somone wish to have had this chance enjoy,encouragement,
65,christian_vibes_global,turning a new age with no house no job no car..,"Sounds like your in your prime !!!! Whoo hoo , i figured it out , your 30s are your best years wisdom and youth align for a short time! Enjoy every minute of it . God is so good , take a kingdom adventure!",encouragement/joy,
66,christian_vibes_global,turning a new age with no house no job no car..,"And this right here is the reason we must be kind to all people like we truly have no idea what they are going through... the clothes and make-up we wear does cover a lot of things, kindness is always needed in the world we live in. May God help usâ¤ï¸",compassion,
67,christian_vibes_global,turning a new age with no house no job no car..,Praying for those that need peace. Reading some of these was heartbreaking,empathy,
68,christian_vibes_global,turning a new age with no house no job no car..,My advise to everyone is calm down and don't be in a rush. It's okay to have all the good things that make life easy,encouragement,
69,onestopsipandshop,she is married to her grandmothers husband,djsweetpotatospice,This is grooming. She groomed her for this incestuous relationship.,disgust
70,onestopsipandshop,she is married to her grandmothers husband,newlifeastro_001,"@djsweetpotatospice ????
It's not incest tho. Not even technically. What're you talmbout?
Damn this a lil story don't have a damned thing ta do with you or me n you gittin caught up to the point you feel you must judge n convict these ppl.
Who REALLY gives a shit?",anger/irritation
71,onestopsipandshop,she is married to her grandmothers husband,iamwilliamatl,@djsweetpotatospice they arent related by blood.,neutral
72,onestopsipandshop,she is married to her grandmothers husband,x_humngbrd_x_mph,@l.o.v.e.y2002 don't even waste your time explaining,dismissive
73,onestopsipandshop,she is married to her grandmothers husband,callherbob,You're grandma's last wish was to sell you to her husbandâ€¦ #groomed,disgust
74,onestopsipandshop,she is married to her grandmothers husband,wezzy2213,"""Take her place in the church"" seems like this congregation is morphing into a cult",suspicion
75,onestopsipandshop,she is married to her grandmothers husband,walklikedat,Look like she took the grandma wig too!,surprise
76,onestopsipandshop,she is married to her grandmothers husband,designs_by_dahlen,,neutral
77,onestopsipandshop,she is married to her grandmothers husband,drlowkey,So your mother wanted to married him too? I have no words. Smh,disbelief
78,onestopsipandshop,she is married to her grandmothers husband,chuchii29,She couldn't just will it to her?ğŸ˜‚ğŸ˜‚,confusion
79,onestopsipandshop,she is married to her grandmothers husband,ms_nauls,Right. askew couldve just helped him . All that was unnecessary,frustration
80,onestopsipandshop,she is married to her grandmothers husband,chuchii29,@ms_nauls exactly!!,agreement
81,onestopsipandshop,she is married to her grandmothers husband,chuchii29,@mecanicalpencils_ facts. Aint no justifying that,agreement
82,onestopsipandshop,she is married to her grandmothers husband,drlowkey,"""Thanks Goodness I was in my period."" If you have that mindset with your husband, you shouldnt marry him.",disapproval
83,onestopsipandshop,she is married to her grandmothers husband,crisbracey,This was a crazy seasonâ€¦. The Housewives of Salt Lake City Season 1â€¦..Her story line was disturbing,disgust
84,onestopsipandshop,she is married to her grandmothers husband,msdeshan,,neutral
85,onestopsipandshop,she is married to her grandmothers husband,kemaabi,,neutral
86,onestopsipandshop,she is married to her grandmothers husband,miss.sophisticate,The little acidic throw up burn just hit my throat and went back downâ€¦â€¦â€¦.,disgust
87,onestopsipandshop,she is married to her grandmothers husband,aarpfabulouslyfierce,This is disturbing and grooming in pedophilic wayâ€¦ no parent or grandparent should tell their child to do something like that. She was 22 and had her our life to enjoy and experience. This is weird.,disgust
88,onestopsipandshop,she is married to her grandmothers husband,divinely_loved21,Everyone loves to talk about generational wealth until arrangements like this are brought up. ğŸ˜… Grandma wanted to secure the generational power and wealth thus appointing her granddaughter probably because she was of child bearing age. Still strange but if theyre in agreement then more power to them.,discomfort
89,onestopsipandshop,she is married to her grandmothers husband,singnisey,Most trifling thing I heard all day,disgust
90,onestopsipandshop,she is married to her grandmothers husband,nalecia_nicole,And I thought this as yt people ish,surprise
91,onestopsipandshop,she is married to her grandmothers husband,authoressnursewyeshiawright,Weird but not unheard of especially in the south oh the secrets and scandals of the southern churches,disapproval
92,onestopsipandshop,she is married to her grandmothers husband,riah.ijai,"that's not incest, but definitely grooming",disapproval
93,onestopsipandshop,she is married to her grandmothers husband,nickyela,This why I dont give money to churches. Why the pastor has several homes while members of the congregation struggling to keep electricity on.,frustration
94,onestopsipandshop,she is married to her grandmothers husband,shonzjewelry,,neutral
95,onestopsipandshop,she is married to her grandmothers husband,ebknows,Pimped her granddaughter out!!!,anger/disgust
96,onestopsipandshop,she is married to her grandmothers husband,arintimmons,That's actually against the Bibleâ€¦but okay ğŸ˜’,disapproval
97,onestopsipandshop,she is married to her grandmothers husband,bessie_daughter,,neutral
98,onestopsipandshop,she is married to her grandmothers husband,blk_aphrodite,Grandpa hit the jackpotâ€¦ he knocking down generations ğŸ˜‚ğŸ˜‚ğŸ˜‚,amusement
99,onestopsipandshop,she is married to her grandmothers husband,anitaboswell26,Girl you should have keep that to yourself and the folk in the church who already knew your story. Your grandmother wanted you to she would be in her grave still wanting me too,disapproval
100,onestopsipandshop,she is married to her grandmothers husband,ladywitoptions,Do you think gma let gpa choose who he wanted to be with? Were there choices? ğŸ˜³,suspicion
101,onestopsipandshop,she is married to her grandmothers husband,doswell123,"And all that to gain stuff, objects and prosession.",disapproval
102,onestopsipandshop,she is married to her grandmothers husband,jstcarter__,,neutral
103,onestopsipandshop,she is married to her grandmothers husband,daughter_of_the_most_high_too,Which Bible are they reading from?,confusion
104,onestopsipandshop,she is married to her grandmothers husband,gigi_robin,,neutral
105,creatrlesedii,black graduate dancing,Some people are too cool ğŸ˜¹ğŸ”¥,admiration,
106,creatrlesedii,black graduate dancing,zomusa_thango,"If its nice, DO IT TWICEEEEEEğŸ˜­ğŸ˜ğŸ˜ğŸ’ğŸ’",excitement
107,creatrlesedii,black graduate dancing,kiing.geluk,Same time NEXT YEAR !!ğŸ¤£ğŸ¤£ğŸ’ƒ,anticipation
108,creatrlesedii,black graduate dancing,takitshipala,My favourite grad videoğŸ˜­,admiration
109,creatrlesedii,black graduate dancing,mirriam.kunene,One thing about you ? Youll dance ğŸ˜‚ğŸ”¥ğŸ’ƒğŸ½,amusement
110,creatrlesedii,black graduate dancing,jessie__chanell,Graduations are literally a CELEBRATION of Completion! I hate when I go to one and it favors a funeral! Y we cant clap and be happy!!,frustration/joy
111,creatrlesedii,black graduate dancing,kgothatso.m__,influencer!!!ğŸ˜ğŸ˜ğŸ˜ğŸ’–ğŸ’–ğŸ’–influencing!!,admiration
112,creatrlesedii,black graduate dancing,ilovenemo12,"e geleza high baya fundisa marn,ğŸ˜‚ğŸ”¥ğŸ”¥ congratulations again big brother.ğŸ˜",pride/joy
113,creatrlesedii,black graduate dancing,aliciamasinga,Lesedi ğŸ”¥ğŸ”¥ğŸ”¥â¤well done brother,pride
114,creatrlesedii,black graduate dancing,givenkiban2,ğŸ‘ğŸ‘â¤,joy/happiness
115,creatrlesedii,black graduate dancing,khanyisile.sibanda,Congratulations ğŸ”¥ğŸ”¥â¤ï¸,joy/happiness
116,creatrlesedii,black graduate dancing,babydodles21,"""Ahh Ehh Genius, Im proud of you, Ahh Ehh Pasops""ğŸ˜‚",pride/amusement
117,creatrlesedii,black graduate dancing,risingstar_saider,LegendğŸ”¥ğŸŒŸ,admiration
118,creatrlesedii,black graduate dancing,zanny_weza,Well Done boet ğŸ‘ğŸ‘ğŸ‘ğŸ‘ğŸ‘ğŸ‘ğŸ‘ğŸ‘ğŸ‘ğŸ‘ğŸ‘so proud of you!,pride
119,creatrlesedii,black graduate dancing,theegirlmtha_,Exactly ğŸ˜,agreement
120,creatrlesedii,black graduate dancing,capalott_keaa,Did it again!!!!ğŸ”¥ğŸ”¥ğŸ”¥â¤,excitement
121,creatrlesedii,black graduate dancing,relebohile_mbongo,Congratulations Lesedi!!!ğŸ”¥â¤ï¸ğŸ”¥,joy/happiness
122,creatrlesedii,black graduate dancing,tessakekana,ğŸ™ŒğŸ˜,admiration
123,creatrlesedii,black graduate dancing,bokang_m,â¤ï¸â¤ï¸â¤ï¸â¤ï¸â¤ï¸â¤ï¸â¤ï¸â¤ï¸â¤ï¸,love
124,creatrlesedii,black graduate dancing,lwandomhlabeni,Congratulations ğŸ¥‚,joy/happiness
125,creatrlesedii,black graduate dancing,parley_17,Ahhh ehhh Genius uzofahlakwağŸ¤£â¤ï¸â¤ï¸â¤ï¸ğŸ”¥ğŸ”¥ğŸ”¥congrats bro!,pride/joy
126,creatrlesedii,black graduate dancing,leighmcflurry,Honors innit ğŸ¥°ğŸ¥°ğŸ¥°ğŸ’ªğŸ’ªğŸ’ª,pride
127,creatrlesedii,black graduate dancing,yonie_gamnca,Congratulations ğŸ˜…â¤ï¸ğŸ¥³,joy/happiness
128,creatrlesedii,black graduate dancing,thobanimagqabi,"Thina siyahleka, nina niyafunda Lesedi. ğŸ˜©",amusement/pride
129,creatrlesedii,black graduate dancing,tebogo_gaba,"""Ke ho galemela today and everyday, you wont make it in life wena""ğŸ˜‚ğŸ˜‚ğŸ˜‚. Congratulations broğŸ¤˜ğŸ½ğŸ”¥ğŸ”¥ğŸ’¯",amusement/pride
130,creatrlesedii,black graduate dancing,thato_tauzen,ğŸ™Œâ¤ï¸ğŸ”¥ğŸ‘ğŸ‘,joy/happiness
131,creatrlesedii,black graduate dancing,sirius_starr4,ğŸ”¥ğŸ”¥ğŸ”¥ğŸ”¥ğŸ”¥ğŸ”¥ğŸ”¥ğŸ”¥ğŸ”¥,excitement
132,creatrlesedii,black graduate dancing,simphiweee.n,ah Genius ğŸ˜­ğŸ˜­â¤ï¸â€ğŸ”¥,pride/admiration
133,creatrlesedii,black graduate dancing,lindokuhlet,Awuuuu ğŸ¥¹ğŸ¥¹ğŸ‘ğŸ½ğŸ‘ğŸ½ğŸ˜ğŸ˜ğŸ˜ğŸ˜,admiration
134,creatrlesedii,black graduate dancing,karis.forte,â¤ï¸â¤ï¸ğŸ”¥,love
135,creatrlesedii,black graduate dancing,notthenormalhxpe,Im proud of you bhozza yamğŸ™ŒğŸ½â¤ï¸â¤ï¸,pride/love
136,creatrlesedii,black graduate dancing,keitu.metsee,Into emnandi iyaphindwa !ğŸ˜‚ğŸ˜‚,amusement
137,creatrlesedii,black graduate dancing,nokubonga_ntsele,ğŸ”¥ğŸ”¥ğŸ”¥,excitement
138,creatrlesedii,black graduate dancing,kylelanga,ğŸ”¥,excitement
139,creatrlesedii,black graduate dancing,lindorm_rose,@akona_dumani is this youğŸ˜‚ are you gonna dance like this hahaha,amusement
140,creatrlesedii,black graduate dancing,trish_koste,Congratulations ğŸ‰,joy/happiness
141,creatrlesedii,black graduate dancing,gugudanisa13,You dont disappear heyğŸ˜‚ğŸ”¥ congratulations LesediğŸ“ğŸ¥³,amusement/joy
142,creatrlesedii,black graduate dancing,akhamantainer,Geleza mfana wase Geleza high ğŸ˜‚ğŸ˜‚ hi there,amusement
143,creatrlesedii,black graduate dancing,simone_majesty,ğŸ”¥ğŸ”¥,excitement
144,creatrlesedii,black graduate dancing,sipho_mpho_nuse,ğŸ”¥ğŸ”¥ğŸ”¥ğŸ”¥,excitement
145,creatrlesedii,black graduate dancing,tata_paper,Hi hi hi hi there hi there ğŸ”¥,amusement/excitement
146,creatrlesedii,black graduate dancing,tata_paper,Hi there hi hi hi there ğŸ‘‹,excitement
147,creatrlesedii,black graduate dancing,sine.okuhle,Aww yessss ğŸ«¶ğŸ½ğŸ«¶ğŸ½,joy/happiness
148,creatrlesedii,black graduate dancing,crazy_humor202,Congratulations ğŸ”¥ğŸ”¥ğŸ”¥,joy/happiness
149,creatrlesedii,black graduate dancing,lulllu____,â¤ï¸ğŸ˜,love/admiration
150,creatrlesedii,black graduate dancing,crazy_humor202,ğŸ”¥ğŸ”¥ğŸ”¥ğŸ”¥ğŸ”¥ğŸ”¥,excitement
151,creatrlesedii,black graduate dancing,ikageng__,CongratsğŸ’¯ğŸ‘Œ,joy/happiness
152,creatrlesedii,black graduate dancing,karabonakaphal,Ezinye keh ğŸ¥¹ğŸ¥¹ğŸ’£,admiration
153,creatrlesedii,black graduate dancing,electricbluu,Good luck finding work,sarcasm/pessimism
154,creatrlesedii,black graduate dancing,kholofelo_08,ğŸ¥³ğŸ¥³YesssssğŸ™ŒğŸ”¥,excitement/joy
155,creatrlesedii,black graduate dancing,t_sholofelooo,Today and Everyday â¤ï¸ğŸ¥ºğŸ‘ğŸ»ğŸ‘ğŸ»ğŸ”¥,love/support
156,creatrlesedii,black graduate dancing,ayanda_motlhamme,Twice,agreement
157,creatrlesedii,black graduate dancing,sinothilema,â¤â¤â¤â¤â¤â¤â¤â¤â¤â¤â¤,love
158,creatrlesedii,black graduate dancing,batsebamaepa,â¤ğŸ™ŒğŸ”¥,love/excitement
159,creatrlesedii,black graduate dancing,samuel._rsa.17,â¤ï¸â¤ï¸ğŸ˜¢ğŸ‘,love/joy/gratitude
160,creatrlesedii,black graduate dancing,maaveetshabalala,ğŸ”¥ğŸ”¥,excitement
161,creatrlesedii,black graduate dancing,ekse_vader,Congratulations ğŸ‘ğŸ™ŒğŸ”¥,joy/happiness
162,creatrlesedii,black graduate dancing,kwenamabye,Love you so much,love
163,creatrlesedii,black graduate dancing,noko_monc,Manje cleaning ğŸ™Œ,praise
164,creatrlesedii,black graduate dancing,re.filwe453,â¤ï¸ğŸ‘â¤ï¸â¤ï¸ğŸ‘ğŸ‘,love/joy
165,creatrlesedii,black graduate dancing,noss_b_sa,ğŸ‘ğŸ½ğŸ‘ğŸ½welcome to the Honorius Crew,congratulations
166,creatrlesedii,black graduate dancing,mirriam.kunene,SOWETO to the top ! ğŸ™ŒğŸ½ğŸ”¥,pride
167,creatrlesedii,black graduate dancing,misskedi1,Ncccoooooooo LesediğŸ˜ğŸ˜ğŸ˜congratulations Papi,excitement/joy
168,creatrlesedii,black graduate dancing,rel_bogile23,Geleza u jabule mfanahğŸ™ŒğŸ”¥ğŸ‘ğŸ‘â¤ï¸,joy/excitement
169,creatrlesedii,black graduate dancing,uqhawe.oonqunqayo,ğŸ”¥ğŸ”¥,excitement
170,creatrlesedii,black graduate dancing,semiteepasco,Dankooo Boi BoiiiğŸ™ğŸ™ğŸ™ Go Hard ......ğŸ‘ğŸ‘,gratitude/encouragement
171,creatrlesedii,black graduate dancing,jacqueline_jay18,â¤ï¸ğŸ™ŒğŸ”¥,love/excitement
172,hotfreestyle,baby refusing to wake up,Y'all better leave little man alone .. let him sleep,empathy,
173,hotfreestyle,baby refusing to wake up,thecaliemperor,This baby and me are on the same wavelength haha,relatability
174,hotfreestyle,baby refusing to wake up,notbuttuglybutugly,Lil man worked a double last night ğŸ˜‚,humor
175,hotfreestyle,baby refusing to wake up,iamchristdavid,"Lil homie was like Hey Dad not today, chill ğŸ˜”ğŸ¤£ğŸ¤£",humor
176,hotfreestyle,baby refusing to wake up,luchez_k9,"""Im finally having those BIG dreams here, leave me alone BRO""",humor
177,hotfreestyle,baby refusing to wake up,chellemac303,This is the cutest thing ever! God bless!ğŸ˜ğŸ˜ğŸ˜,adoration
178,hotfreestyle,baby refusing to wake up,taygo.bay,"ğŸ¤£ğŸ¤£ğŸ¤£ Lil man said, ""Let me sleep & be great""! â¤ï¸ğŸ¤—",humor
179,hotfreestyle,baby refusing to wake up,olusholababy,Thats the breadwinner mode ğŸ˜‚ğŸ˜‚,humor
180,hotfreestyle,baby refusing to wake up,superman_661,Lil chocolate chipğŸ˜‚ğŸ˜‚ğŸ˜‚,endearment/humor
181,hotfreestyle,baby refusing to wake up,jessie__lowkey,ğŸ¤£ğŸ¤£ I Feel Him.,relatability
182,hotfreestyle,baby refusing to wake up,g.ina_bina,Love it â¤ï¸â¤ï¸â¤ï¸,adoration
183,hotfreestyle,baby refusing to wake up,caremel185,He went to work and ran sum errands he said he needs 5 minutes ğŸ˜‚ğŸ˜‚ğŸ˜‚ğŸ˜‚ğŸ˜‚,humor
184,hotfreestyle,baby refusing to wake up,darealchosentv,OMG hes too smart ğŸ˜ğŸ˜ğŸ˜ğŸ˜and handsome ğŸ’™,adoration
185,hotfreestyle,baby refusing to wake up,kellybragger,Why does he HAVE to wake up....just carry him while hes sleeping ğŸ˜´,empathy
186,hotfreestyle,baby refusing to wake up,louisel_8,He is saying nah not today ğŸ˜‚ğŸ˜‚ğŸ˜‚,humor
187,hotfreestyle,baby refusing to wake up,savage_keed10,AwwwğŸ˜â¤ï¸,adoration
188,hotfreestyle,baby refusing to wake up,msss.lovely_,He is literally the cutest and clearly prioritizes his peace/sleepğŸ˜‚God blessed yall ğŸ˜,adoration/humor
189,hotfreestyle,baby refusing to wake up,ms_lucci,"Leave him alone he doesnt want to be woke up, just pick him up & carry him",empathy
190,hotfreestyle,baby refusing to wake up,thickandsexy60,"""Stop disturbing Daddy""ğŸ˜¢ğŸ˜‚",humor
191,hotfreestyle,baby refusing to wake up,snowhites_lil_sis,He was not having it at all ğŸ˜‚ğŸ˜‚,amusement
192,hotfreestyle,baby refusing to wake up,staxxbre,"I wouldve been kissing those cheeks , lips , nose , chin , etc lol ğŸ©·ğŸ˜š",adoration
193,hotfreestyle,baby refusing to wake up,tevin92bk,Thats us getting Kendrick to respond to ETHER THE CANADIAN ğŸ˜©,other
194,hotfreestyle,baby refusing to wake up,dida.kas,Lil bro has big dreamsğŸ˜‚,humor
195,hotfreestyle,baby refusing to wake up,generell_735,He had a long day at work bro lol,humor
196,hotfreestyle,baby refusing to wake up,fuccctheworld,ğŸ˜‚,amusement
197,hotfreestyle,baby refusing to wake up,uniqueliz,So cute! ğŸ¤­ğŸ˜ğŸ¥°,adoration
198,hotfreestyle,baby refusing to wake up,wayne__ushera,How old is this kid ğŸ˜‚ğŸ˜‚,curiosity/amusement
199,hotfreestyle,baby refusing to wake up,spencerparker507,ğŸ˜‚ğŸ˜‚ğŸ˜‚ğŸ˜‚,amusement
200,hotfreestyle,baby refusing to wake up,jeaniebeenee,â¤ï¸,love
201,hotfreestyle,baby refusing to wake up,kesh_ola1,Lil manğŸ˜‚ğŸ˜‚ğŸ˜‚ğŸ˜‚,endearment/humor
202,hotfreestyle,baby refusing to wake up,joycemensahj,ğŸ˜‚ğŸ˜‚ğŸ˜‚ğŸ˜‚,amusement
203,hotfreestyle,baby refusing to wake up,antjebexter,ğŸ˜‚ğŸ˜‚ğŸ˜‚,amusement
204,hotfreestyle,baby refusing to wake up,scarah_1977,ğŸ˜‚ğŸ˜‚ğŸ˜‚,amusement
205,hotfreestyle,baby refusing to wake up,neikared20,ğŸ˜‚ğŸ˜‚ğŸ˜‚ğŸ˜‚ğŸ˜‚,amusement
206,hotfreestyle,baby refusing to wake up,elsamupandira,My ovaries ğŸ˜©but in 5+ yearsğŸ˜…ğŸ¥¹ğŸ¥¹ğŸ¥¹ğŸ¥¹,relatability
207,hotfreestyle,baby refusing to wake up,carrinho1515,ğŸ˜‚ğŸ˜‚ğŸ˜‚ğŸ˜‚,amusement
208,hotfreestyle,baby refusing to wake up,mrztbybeyb,So cute!! ğŸ˜‚ğŸ˜‚ğŸ˜‚,adoration/amusement
209,kevonstage,where am i based on the food im eating?,Church funeral OR church progRUM.,speculation,
210,kevonstage,where am i based on the food im eating?,jovani757,"Church. No matter what the reason, its church!",certainty
211,kevonstage,where am i based on the food im eating?,marcusastanley,Only thing wrong with that plate is that Fanta. Grief requires a styrofoam cup.,humor/critique
212,kevonstage,where am i based on the food im eating?,j_stclair_notsinclair,"Yep! Sitting there at the table while EATING and saying Didnt Uncle Robert look good"". Yep, he shole did (while chewing on chicken) Discussing a dead body while eating is insane! ğŸ˜‚ğŸ˜‚ğŸ˜‚",humor/relatability
213,kevonstage,where am i based on the food im eating?,ejgaines,Two words: Fellowship. Hall.,certainty
214,kevonstage,where am i based on the food im eating?,ms.bribilan,So we all went to the same church growing up? ğŸ˜‚ğŸ˜‚ğŸ˜‚ğŸ˜‚ğŸ˜‚,relatability/humor
215,kevonstage,where am i based on the food im eating?,stoopandstank,Somebody church basement.,certainty
216,kevonstage,where am i based on the food im eating?,simplyniquek,Funeral or before Bible study meal in the hall,speculation
217,kevonstage,where am i based on the food im eating?,wendi_nicole,Funeral repass with a lot of people coz that little wing and little piece of cake means they stretching food,speculation/relatability
218,kevonstage,where am i based on the food im eating?,misssharid,Definitely a fune Only missing the red koolaid Sprite concoction.,certainty
219,kevonstage,where am i based on the food im eating?,aliahsheffield,At a fune,certainty
220,kevonstage,where am i based on the food im eating?,ashleyjenelle613,I definitely said a funeralâ€¦they served that in the basement of the church ğŸ˜‚,relatability/humor
221,kevonstage,where am i based on the food im eating?,christianjohnsoncomedy,In the fellowship hall after a Homegoing celebration,speculation
222,kevonstage,where am i based on the food im eating?,gigi_leflair,Church. Funeral or revival or something like that,speculation
223,kevonstage,where am i based on the food im eating?,terilisha,Lmfaooo accurate ğŸ˜‚ğŸ˜‚ğŸ˜‚ğŸ’€â˜ ï¸â€¦ I love how we all have lived the same black life ğŸ«¶ğŸ¼ğŸ«¶ğŸ¼ğŸ«¶ğŸ¼ I love yall,relatability/love
224,kevonstage,where am i based on the food im eating?,itsme_melray,U just walked down them very dangerously narrow steps of the churchs basement and yes u finna wait in line bc u been smelling that chicken since service started.,relatability
225,kevonstage,where am i based on the food im eating?,cami_speaking,â€¦and youre eating this in the church basement with the very narrow stairs and its hot. No takeout plates cuz they aint sure how many family members coming ğŸ˜‚,relatability/humor
226,kevonstage,where am i based on the food im eating?,mraverybrown21,"Theyre at a choir anniversary or a 2nd service, for sure. Lmao ğŸ˜….",speculation/amusement
227,kevonstage,where am i based on the food im eating?,dontcallmeewhitegirl,"Your response is the most black, blackity, blackest response ever ğŸ˜‚",relatability/humor
228,kevonstage,where am i based on the food im eating?,the_indomitable_blackman,A repass... who done died and WHY AINT NOBODY TELL ME?! AINT NOBODY TOLD ME NOTHING!!! ğŸ˜­ğŸ˜­ğŸ˜­ğŸ˜­,speculation/frustration
229,kevonstage,where am i based on the food im eating?,icanonlybetiffy,"Repast or 2nd service, guests eat first! Lol!",speculation/humor
230,kevonstage,where am i based on the food im eating?,themeganbaca,"ğŸ˜”ğŸ™ğŸ½Definitely someone went up yonder. My condolences. I also apologize for the ignorant fool about to leave the comment ""sorry for your LOST.""",empathy/condolences
231,kevonstage,where am i based on the food im eating?,kevonstage,ğŸ˜‚ğŸ˜‚ğŸ˜‚,amusement
232,kevonstage,where am i based on the food im eating?,iamcrystaltgreen,Someones repass! God rest their soul!!! ğŸ˜³,condolences
233,kevonstage,where am i based on the food im eating?,quianawatson_,The Repass,certainty
234,kevonstage,where am i based on the food im eating?,nicolerene,WHO DID THE BODY?!?!?,curiosity
235,kevonstage,where am i based on the food im eating?,easybreeziebeautiful,"That Sams club potato salad that they like to soup up by adding Mustard, accent, salt, pepper and paprika gave it way for me",relatability
236,kevonstage,where am i based on the food im eating?,jennhill,"Church, second service for the anniversary.",certainty
237,kevonstage,where am i based on the food im eating?,realshelbydc,Fellowship Hall,certainty
238,kevonstage,where am i based on the food im eating?,jayharrisespn,"Church annex if y'all FINALLY tapped into the building fund. If not, you're in the basement with the cement floor, surrounded on the walls by all the black history month pictures from vacation bible school, and that faucet in the men's room with the slow drip on the cold water side.",relatability/humor
239,blackfolksrock,teacher hugs kid who shares his birthday,I want you all to notice how he directed the childs body to his sideğŸ™ğŸ¿ Solid guy right there.,admiration/approval,
240,blackfolksrock,teacher hugs kid who shares his birthday,keepinupwifmoody,The way he matched her energy when she came running down the hallway ğŸ˜‚ğŸ˜‚ğŸ˜‚ğŸ˜‚,amusement/approval
241,blackfolksrock,teacher hugs kid who shares his birthday,trevision88,I was going to say something crazy.... But Im gonna keep it wholesome.... Great Post,restraint/approval
242,blackfolksrock,teacher hugs kid who shares his birthday,chokes_official,"If he picked my daughter up like that, Id feel like I need to do more. This was wholesome as hell. Takes a village to raise a child, if other adults are looking out for my child elsewhere, Ive got no quarms with that.",approval/gratitude
243,blackfolksrock,teacher hugs kid who shares his birthday,gottaluvbrit_,I dont know what yall see but its him throwing the bag for me ğŸ˜‚,amusement/approval
244,blackfolksrock,teacher hugs kid who shares his birthday,coachkandaka,I went to college with him. Hes always had the same heart for people! I love that the world gets to see this! âœ¨â™¥ï¸ğŸ«¶ğŸ¾âœ¨,admiration/approval
245,blackfolksrock,teacher hugs kid who shares his birthday,katt_sttakkzzz,My son had a teacher that loved him dearly and showed him motherly love while I was in jail I can never repay that woman Im so thankful he was put in her class I pray god continues to bless that woman â¤ï¸,gratitude/love
246,blackfolksrock,teacher hugs kid who shares his birthday,tony_themainevent_sparkman,Dam I come to the comments section with a smile on my face thinking everyone was on the same page as far as seeing the happiness being shared but yall went in a whole different directionâ€¦ Get counseling now before you take another childs innocence with your broken mindset!,disappointment/disapproval
247,blackfolksrock,teacher hugs kid who shares his birthday,unklearnold,ğŸ¥¹ğŸ–¤ this was such a special day for us both. Thank you for sharing!!,gratitude/joy
248,blackfolksrock,teacher hugs kid who shares his birthday,exquisite_calamity,"This is at my sons school, the entire faculty is amazing! Black educators making a difference â¤",admiration/pride
249,blackfolksrock,teacher hugs kid who shares his birthday,moni_tsunami,I aint even go lie ..I aint seen none of these bad comments yall talking about,confusion
250,blackfolksrock,teacher hugs kid who shares his birthday,nostalgik_86,I love how he just threw down the backpack and got all excited with the kiddo. So genuine,admiration/approval
251,blackfolksrock,teacher hugs kid who shares his birthday,irons.brianna,He literally swung her to the side! Like yall need to really go to counseling for what yall been through.,disapproval/concern
252,blackfolksrock,teacher hugs kid who shares his birthday,mmfomby,That hug was everything! ğŸ˜‚ She will never forget him. ğŸ¥¹ğŸ¥¹ğŸ¥¹,joy/admiration
253,blackfolksrock,teacher hugs kid who shares his birthday,lovingperk,Umm .. I thought it was no running in the hallwayâ€¦ğŸ˜‚. Just kidding. This is so precious!ğŸ’œ,humor/adoration
254,blackfolksrock,teacher hugs kid who shares his birthday,neil.e.pettit,Black/ white/ doesnt matter!!!!! We need more excited educators to yea h our children. Make school fun,agreement/enthusiasm
255,blackfolksrock,teacher hugs kid who shares his birthday,smooth_savageryy,The hugs from your teachers as a younging would make your day as a kid,nostalgia
256,blackfolksrock,teacher hugs kid who shares his birthday,rashanali,"As the daughter of a male educator and the wife of one, this moment is EVERYTHING!!!!",admiration/joy
257,blackfolksrock,teacher hugs kid who shares his birthday,runnerin1,Do you have any idea what kind of person hed have to be to get that kind of trust from a child?,admiration
258,blackfolksrock,teacher hugs kid who shares his birthday,girlmom_toot86,Now this is sooooo sweet â¤ï¸â¤ï¸â¤ï¸â¤ï¸ and do yall notice how he directed her body to the side of him ğŸ‘ğŸ¾ğŸ‘ğŸ¾ğŸ‘ğŸ¾ğŸ‘ğŸ¾ happy birthday to the both of you,adoration/approval
259,blackfolksrock,teacher hugs kid who shares his birthday,rapidconveying,Im a man with a daughter this was wholesome and beautiful ğŸ˜¢ğŸ’™ğŸ’™.we need more teachers like him and less dumb ass comments ğŸ’¯,admiration/disapproval
260,blackfolksrock,teacher hugs kid who shares his birthday,lifeincolor30,My whole heart is glad and smiling too cute two peas in a pod,adoration
261,blackfolksrock,teacher hugs kid who shares his birthday,xavier.cooley,Im glad to see a black male teacher ğŸ’ªğŸ¾,admiration/pride
262,blackfolksrock,teacher hugs kid who shares his birthday,jonesounds,ğŸ‚ Cuteâ€¦I Just Aint Workin on my Bday tho ğŸ˜‚ğŸ˜‚ğŸ˜‚ğŸ˜‚,adoration/humor
263,blackfolksrock,teacher hugs kid who shares his birthday,sonjaunapologetic,"As someone who is very mindful and observant of possible red flags, this teacher did nothing wrong. He was very aware and appropriate in this video. I understand we must be diligent with kids but everything not that.",approval/concern
264,blackfolksrock,teacher hugs kid who shares his birthday,skee546,A lot of us couldve used a hug or two from our teacher or teachersğŸ–¤âœŠğŸ¾,relatability/solidarity
265,blackfolksrock,teacher hugs kid who shares his birthday,chocolatefeelocdupbbwcutie,I had a teacher Ms Motley she was the granny of the school she hugged us all and we definitely loved her she was so sweet I wish everyone could experience this type love from a teacher especially when you not getting it from homeğŸ˜¢,nostalgia/empathy
266,blackfolksrock,teacher hugs kid who shares his birthday,1eonida5,This is why I always wanted to be a teacher,inspiration
267,blackfolksrock,teacher hugs kid who shares his birthday,unbothered_goddess1111,This was so beautiful.. Their energy matched perfectly. As a daycare teacher this brings me so much joy.,admiration/joy
268,blackfolksrock,teacher hugs kid who shares his birthday,freebird_kris,"Idk about yall but i love unklearnold for loving the kids. Theres nothing negative about this sweet, beautiful video. Wish it was more teachers like this man. â¤ï¸â¤ï¸â¤ï¸â¤ï¸",admiration/wishful thinking
269,blackfolksrock,teacher hugs kid who shares his birthday,callmehoney_mustard,PAY TEACHERS MORE MONEY!!!,advocacy/enthusiasm
270,blackfolksrock,teacher hugs kid who shares his birthday,nandi_and_amena_adventures,This was so sweet to watch we need more of this Teaching and Teachers are so important in our communities and our children ğŸ‘ğŸ‘ğŸ‘â¤â¤â¤â¤,admiration/advocacy
271,blackfolksrock,teacher hugs kid who shares his birthday,imratherunique,@auburnave you are appreciated â¤â¤â¤,gratitude/love
272,blackfolksrock,teacher hugs kid who shares his birthday,yvonnekelly1975,Unfortunately not all teachers are like him its a shame wish they were ğŸ’• it so nice to see instead of putting pupils down. And not building them up,disappointment/wishful thinking
273,blackfolksrock,teacher hugs kid who shares his birthday,liagivenchy,Who cutting onion ğŸ§… ğŸ˜‚ğŸ˜‚. Cause this is beautiful ğŸ‘. Thank you sir. She will remember your impact on her life forever ğŸ«¶ğŸ¾ğŸ«¶ğŸ¾ğŸ«¶ğŸ¾,touched/gratitude
274,blackfolksrock,teacher hugs kid who shares his birthday,brialiseee.e,"Hope some of yall in the comments can heal, genuinely. I love to see this! This kid will always remember you.",empathy/approval
275,blackfolksrock,teacher hugs kid who shares his birthday,dre_monique,This was absolutely adorable and men are so ruff with kids. Lol,adoration/amusement
276,blackfolksrock,teacher hugs kid who shares his birthday,kingbrahma91,Thats a real twin where you been lol the way he dropped that bag ğŸ˜‚ğŸ˜‚ğŸ˜‚,amusement/relatability
277,blackfolksrock,teacher hugs kid who shares his birthday,crystalwisdom,Yup! This is how I am with my bday twin student ğŸ˜‚ğŸ˜‚ğŸ˜‚,relatability/amusement
278,blackfolksrock,teacher hugs kid who shares his birthday,nevermind_me77,Awesomeness great job you too,admiration/approval
279,blackfolksrock,teacher hugs kid who shares his birthday,wrighttahlia,I love this sooo much ğŸ”¥ğŸ”¥â¤â¤â¤,adoration/enthusiasm
280,blackfolksrock,teacher hugs kid who shares his birthday,killanorm,"Shit, me and my Babymoms got the same birthday and we dont say happy birthday to each other ğŸ˜‚",relatability/humor
281,blackfolksrock,teacher hugs kid who shares his birthday,wsd_sonny,As a proud father this fills my heart with joy. All of our children should be loved like this. What an amazing man and educator. We need more like him to bring the truth to the youth,joy/admiration
282,blackfolksrock,teacher hugs kid who shares his birthday,tburch02,All yall are some truly traumatized individualsâ€¦God bless him & her! I love to see it!! But yallâ€¦when you finally got someone in school thats clearly a positive influence on a child and on school camera (not a phone so its not for media attention like a lot of you wouldve done)â€¦yall taking it to a dark place! Smh,disapproval/disappointment
283,beingblackislit,daughter and boyfriend prom outfit,And its age appropriate ğŸ¥º â¤ï¸,approval/adoration,
284,beingblackislit,daughter and boyfriend prom outfit,yourstrulymalissa,OMG! The elegance and class in this photo! ğŸ˜ğŸ’œ,admiration/approval
285,beingblackislit,daughter and boyfriend prom outfit,nefo_rever,"This ateeee, no mesh or feathers ğŸ˜©ğŸ˜©ğŸ¤ŒğŸ½ğŸ¤ŒğŸ½ just some GOOOOOOOOOOD outfits and stylingğŸ¤ğŸ½ğŸ¤ğŸ½",admiration/approval
286,beingblackislit,daughter and boyfriend prom outfit,dandelioncande,Damn they better have come home w them crowns,expectation/approval
287,beingblackislit,daughter and boyfriend prom outfit,areda83,,neutral
288,beingblackislit,daughter and boyfriend prom outfit,therealcashusclay,Thought it was a mother and son ğŸ˜‚,confusion/surprise
289,beingblackislit,daughter and boyfriend prom outfit,leighdleigh,Beautiful all the way around.,admiration
290,beingblackislit,daughter and boyfriend prom outfit,empress_kismet_kahmar,"Classy, elegant and modest. Just Flyyyyyyyy",admiration/approval
291,beingblackislit,daughter and boyfriend prom outfit,imstilltoni,"Absolutely gorgeous, appropriate, and elegant ğŸ˜ğŸ‘ğŸ¾ğŸ”¥",admiration/approval
292,beingblackislit,daughter and boyfriend prom outfit,theeericanicole,Very classy and modest !,admiration/approval
293,beingblackislit,daughter and boyfriend prom outfit,bre_phillips_tx,Now this is a prom dress â¤ï¸â¤ï¸â¤ï¸,approval/admiration
294,beingblackislit,daughter and boyfriend prom outfit,shakiylalynn,NOW THIS IS A PROM LOOK,approval/emphasis
295,beingblackislit,daughter and boyfriend prom outfit,teeshadenise,They did that!!!!!,approval/emphasis
296,beingblackislit,daughter and boyfriend prom outfit,imyesyesinspanish_,10/10 the African aunties agree bo babyğŸ”¥,approval/admiration
297,beingblackislit,daughter and boyfriend prom outfit,prettygalllke,They look amazing! ğŸ¤© ğŸ™ŒğŸ½,admiration/approval
298,beingblackislit,daughter and boyfriend prom outfit,dats_so_jamie,Finally a guy wearing dress shoes instead of sneakers ğŸ‘ğŸ½,approval/relief
299,beingblackislit,daughter and boyfriend prom outfit,thirdeye_ni,Beautiful! And age appropriate,admiration/approval
300,beingblackislit,daughter and boyfriend prom outfit,ugottaluvbe,ğŸ”¥ğŸ”¥They both look amazing! Shes covered up unlike some of these other kids!,admiration/approval
301,beingblackislit,daughter and boyfriend prom outfit,qweensugabby5,BEAUTIFUL!!!ğŸ˜ğŸ˜ğŸ˜,admiration/enthusiasm
302,beingblackislit,daughter and boyfriend prom outfit,lisheilmanshields,REGALğŸ‘,admiration/approval
303,beingblackislit,daughter and boyfriend prom outfit,authormiamibanks,Its giving @hallebailey and @ddg ğŸ”¥ğŸ”¥ğŸ”¥,admiration/comparison
304,beingblackislit,daughter and boyfriend prom outfit,_itsalexisrenee,This picture screams King and Queen ğŸ”¥ğŸ”¥ğŸ”¥,admiration/approval
305,beingblackislit,daughter and boyfriend prom outfit,justinaleslie_t,Beautifully Matched outfits ğŸ·ğŸµğŸ¶ğŸ¼ğŸ‘ğŸ¿ğŸ‘ğŸ¿ğŸ’šğŸ’š,admiration/approval
306,beingblackislit,daughter and boyfriend prom outfit,therraviiofficial,This the best I seen in years,admiration
307,beingblackislit,daughter and boyfriend prom outfit,big_trease,â¤ï¸â¤ï¸â¤ï¸,love/admiration
308,beingblackislit,daughter and boyfriend prom outfit,theofficialbuffalochuck2.0,This ğŸ”¥! Classy AF,admiration/approval
309,beingblackislit,daughter and boyfriend prom outfit,lovelylyse8,ğŸ˜ğŸ™ŒğŸ½ğŸ‘‘ğŸ’â¤ï¸â€ğŸ”¥,admiration/enthusiasm
310,beingblackislit,daughter and boyfriend prom outfit,haitian__jawn,ğŸ”¥ğŸ”¥,admiration
311,beingblackislit,daughter and boyfriend prom outfit,geeniemy_,NOW THIS is what Im talking about ğŸ˜,approval/enthusiasm
312,beingblackislit,daughter and boyfriend prom outfit,mocha_mischief,This is beautiful and classy! ğŸ‘ğŸ½ğŸ‘ğŸ½ğŸ‘ğŸ½,admiration/approval
313,beingblackislit,daughter and boyfriend prom outfit,carmycav,Absolutely beautiful!!!!!! ğŸ¤©,admiration/enthusiasm
314,beingblackislit,daughter and boyfriend prom outfit,beckyhejka,Gorgeous couple!,admiration
315,beingblackislit,daughter and boyfriend prom outfit,healthy_spiritandbody,Thought this was Solange ğŸ˜,admiration/surprise
316,beingblackislit,daughter and boyfriend prom outfit,tat_reyes,They look amazing,admiration
317,beingblackislit,daughter and boyfriend prom outfit,nachele.__,& DIIDDDDDD,emphasis
318,beingblackislit,daughter and boyfriend prom outfit,olivia.c.allen,@officialrahni._ omg shut up???? gorg.,amazement/admiration
319,beingblackislit,daughter and boyfriend prom outfit,confidenceofjesus,SheğŸ‘is ğŸ‘ covered ğŸ‘,approval/emphasis
320,beingblackislit,daughter and boyfriend prom outfit,j0shu.a,ğŸ”¥ğŸ”¥ğŸ”¥ğŸ”¥ğŸ”¥,admiration
321,beingblackislit,daughter and boyfriend prom outfit,neo_the_indigo,They won prom 100%,admiration/certainty
322,beingblackislit,daughter and boyfriend prom outfit,majestic6rings,Finally classy children,approval/relief
323,beingblackislit,daughter and boyfriend prom outfit,mrs_blount_829,Beautiful ğŸ˜,admiration
324,beingblackislit,daughter and boyfriend prom outfit,mrs_blount_829,The colors ğŸ”¥,admiration
325,beingblackislit,daughter and boyfriend prom outfit,satans__suicide__,"Im just gonna say it, black couples have the best matching prom outfits",pride/admiration
326,blackwealth,youngest black woman to receive tenure at oxford university at 28,28???? She look 58 ğŸ˜‚,surprise/disbelief,
327,blackwealth,youngest black woman to receive tenure at oxford university at 28,Phenomenal Woman,admiration,
328,blackwealth,youngest black woman to receive tenure at oxford university at 28,Yesssss,agreement/enthusiasm,
329,blackwealth,youngest black woman to receive tenure at oxford university at 28,This announcement is a few years old now - but still. Protect this brilliant Black woman!,support/admiration,
330,blackwealth,youngest black woman to receive tenure at oxford university at 28,Congratulations Queen!!! We are so proud of you!!!ğŸ‘ğŸ½ğŸ‘ğŸ½ğŸ‘ğŸ½,congratulations/pride,
331,blackwealth,youngest black woman to receive tenure at oxford university at 28,Powerful move. Congratulations,admiration/congratulations,
332,blackwealth,youngest black woman to receive tenure at oxford university at 28,Black excellence ğŸ’ªğŸ¾ğŸ–¤,pride/admiration,
333,blackwealth,youngest black woman to receive tenure at oxford university at 28,Congratulations #SisterQueenğŸ‘‘âœŠğŸ¾ğŸ’ğŸ’œ,congratulations/admiration,
334,blackwealth,youngest black woman to receive tenure at oxford university at 28,28? She looks 50,surprise/disbelief,
335,blackwealth,youngest black woman to receive tenure at oxford university at 28,â¤ï¸â¤ï¸ğŸ”¥ğŸ”¥...Congratulations,love/congratulations,
336,blackwealth,youngest black woman to receive tenure at oxford university at 28,ğŸ‘ğŸ‘ğŸ‘ğŸ‘ğŸ‘ğŸ‘ğŸ‘ğŸ‘ğŸ‘ğŸ‘ğŸ‘ğŸ‘ğŸ‘ğŸ‘ğŸ‘ğŸ‘,applause/congratulations,
337,blackwealth,youngest black woman to receive tenure at oxford university at 28,ğŸ‡°ğŸ‡ªğŸ‡°ğŸ‡ªğŸ‡°ğŸ‡ªğŸ‡°ğŸ‡ªğŸ™ŒğŸ™ŒğŸ™ŒğŸ™Œ,pride/congratulations,
338,blackwealth,youngest black woman to receive tenure at oxford university at 28,ğŸ‘ğŸ‘ğŸ‘,applause/congratulations,
339,blackwealth,youngest black woman to receive tenure at oxford university at 28,,neutral,
340,blackwealth,youngest black woman to receive tenure at oxford university at 28,ğŸ‘ğŸ¾Phenomenal achievement @patricia.kingori ğŸ‘ğŸ¾,admiration/congratulations,
341,blackwealth,youngest black woman to receive tenure at oxford university at 28,Im proud of her but she she look 40,pride/surprise,
342,blackwealth,youngest black woman to receive tenure at oxford university at 28,,neutral,
343,blackwealth,youngest black woman to receive tenure at oxford university at 28,CONGRATULATIONS ğŸ‘ğŸ‘ğŸ‘ğŸ‘,congratulations/enthusiasm,
344,blackwealth,youngest black woman to receive tenure at oxford university at 28,ğŸ™ŒğŸ™ŒğŸ™ŒğŸ™ŒğŸ™ŒğŸ™ŒğŸ™ŒğŸ™ŒğŸ™ŒğŸ™ŒğŸ™ŒğŸ™ŒğŸ™ŒğŸ™Œ,applause/congratulations,
345,blackwealth,youngest black woman to receive tenure at oxford university at 28,"If shes not FBA, its misleading to classify her as such. OMB just updated the categories for race, ethnicities, etc & she being from Kenya is like Elon Musk an African American.",skepticism/disapproval,
346,blackwealth,youngest black woman to receive tenure at oxford university at 28,ğŸ‘ğŸ‘ğŸ‘ğŸ‘,applause/congratulations,
347,blackwealth,youngest black woman to receive tenure at oxford university at 28,Congratulations ğŸ™ŒğŸ–¤,congratulations/love,
348,blackwealth,youngest black woman to receive tenure at oxford university at 28,Congratulations ğŸˆğŸ¾ğŸŠğŸ‰ ğŸ‘‘,congratulations/celebration,
349,blackwealth,youngest black woman to receive tenure at oxford university at 28,Congratulations,congratulations,
350,blackwealth,youngest black woman to receive tenure at oxford university at 28,Congratulations Queen ğŸŠ,congratulations/admiration,
351,blackwealth,youngest black woman to receive tenure at oxford university at 28,ğŸ‘ğŸ‘ğŸ™Œâ¤ï¸ğŸ”¥congrats ğŸ‘,applause/congratulations,
352,blackwealth,youngest black woman to receive tenure at oxford university at 28,ğŸ‘ğŸ½ğŸ‘ğŸ½ğŸ‘ğŸ½,applause/congratulations,
353,blackwealth,youngest black woman to receive tenure at oxford university at 28,ğŸ‘ğŸ¾ğŸ‘ğŸ¾ğŸ‘ğŸ¾ğŸ‘ğŸ¾ğŸ‘ğŸ¾ğŸ‘ğŸ¾ğŸ‘ğŸ¾ğŸ‘ğŸ¾ğŸ‘ğŸ¾ğŸ‘ğŸ¾ğŸ‘ğŸ¾,applause/congratulations,
354,blackwealth,youngest black woman to receive tenure at oxford university at 28,ğŸ‘ğŸ¾ğŸ‘ğŸ¾ğŸ‘ğŸ¾,applause/congratulations,
355,blackwealth,youngest black woman to receive tenure at oxford university at 28,ğŸ‘ğŸ¾ğŸ‘ğŸ¾ğŸ‘ğŸ¾ğŸ‘ğŸ¾ğŸ‘ğŸ¾,applause/congratulations,
356,blackwealth,youngest black woman to receive tenure at oxford university at 28,ğŸ‘ğŸ¾ğŸ‘ğŸ¾ğŸ‘ğŸ¾,applause/congratulations,
357,blackwealth,youngest black woman to receive tenure at oxford university at 28,Congratulations ğŸŠğŸ‘ğŸ‘,congratulations/celebration,
358,blackwealth,youngest black woman to receive tenure at oxford university at 28,,neutral,
359,blackwealth,youngest black woman to receive tenure at oxford university at 28,ğŸ˜®ğŸ˜®ğŸŒğŸŒğŸ‘ğŸ¿ğŸ‘ğŸ¿ğŸ‘ğŸ¿ğŸ‘ğŸ¿ğŸ–¤ğŸ–¤ğŸ‘ŒğŸ¾ğŸ‘ŒğŸ¾ğŸ’ªğŸ½ğŸ’ªğŸ½,amazement/congratulations,
360,blackwealth,youngest black woman to receive tenure at oxford university at 28,Awesome Sauce â¤ï¸ğŸ™ŒğŸ”¥ğŸ‘ğŸ˜,admiration/love,
361,blackwealth,youngest black woman to receive tenure at oxford university at 28,ğŸ”¥ğŸ”¥ğŸ”¥ğŸ”¥ğŸ”¥ğŸ”¥,admiration,
362,blackwealth,youngest black woman to receive tenure at oxford university at 28,ğŸ’–ğŸ™ŒğŸ¾ğŸ’–,love/congratulations,
363,blackwealth,youngest black woman to receive tenure at oxford university at 28,ğŸ‘ğŸ‘ğŸ‘â¤ï¸,applause/love,
364,blackwealth,youngest black woman to receive tenure at oxford university at 28,ğŸ™ŒğŸ¾ğŸ‘ğŸ¾ğŸ™ğŸ¾ğŸ’ªğŸ¾,congratulations/admiration,
365,blackwealth,youngest black woman to receive tenure at oxford university at 28,Congrats young lad,congratulations,
366,blackwealth,youngest black woman to receive tenure at oxford university at 28,ğŸ‘ğŸ‘ğŸ‘,applause/congratulations,
367,blackwealth,youngest black woman to receive tenure at oxford university at 28,Congratulations,congratulations,
368,blackwealth,youngest black woman to receive tenure at oxford university at 28,Congrats thats awesome ğŸ‘Œ,congratulations/admiration,
369,blackwealth,youngest black woman to receive tenure at oxford university at 28,Congratulations. Thats wonderful.,congratulations/admiration,
370,blackwealth,youngest black woman to receive tenure at oxford university at 28,Congratulations ğŸ‘ğŸ¾ğŸ‘ğŸ¾ğŸ‘ğŸ¾ğŸ‰ğŸ‰ğŸ¥° God bless u ğŸ™ğŸ¾ğŸ’œğŸ™ğŸ¾ğŸ˜Š,congratulations/blessings,
371,blackwealth,youngest black woman to receive tenure at oxford university at 28,Congratulations,congratulations,
372,blackwealth,youngest black woman to receive tenure at oxford university at 28,Extraordinary example for young women ğŸ‘ğŸ¾ â¤ï¸,admiration/love,
373,blackwealth,youngest black woman to receive tenure at oxford university at 28,Congratulations,congratulations,
